branch;bus1;bus2;branch_id;was_suspected;status
1;1;2;'L1-2-1';'YES';'CLOSED'
2;1;5;'L1-5-1';'YES';'CLOSED'
3;2;3;'L2-3-1';'YES';'CLOSED'
4;2;4;'L2-4-1';'YES';'CLOSED'
5;2;5;'L2-5-1';'YES';'CLOSED'
6;3;4;'L3-4-1';'YES';'CLOSED'
7;4;5;'L4-5-1';'YES';'CLOSED'
8;6;11;'L6-11-1';'YES';'CLOSED'
9;6;12;'L6-12-1';'YES';'CLOSED'
10;6;13;'L6-13-1';'YES';'CLOSED'
11;7;8;'L7-8-1';'YES';'CLOSED'
12;7;9;'L7-9-1';'YES';'CLOSED'
13;9;10;'L9-10-1';'YES';'CLOSED'
14;9;14;'L9-14-1';'YES';'CLOSED'
15;10;11;'L10-11-1';'YES';'CLOSED'
16;12;13;'L12-13-1';'YES';'CLOSED'
17;13;14;'L13-14-1';'YES';'CLOSED'
18;4;7;'T4-7-1';'YES';'CLOSED'
19;4;9;'T4-9-1';'YES';'CLOSED'
20;5;6;'T5-6-1';'NO';'CLOSED'
